<?xml version="1.0" encoding="UTF-8"?>
<project-private xmlns="http://www.netbeans.org/ns/project-private/1">
    <editor-bookmarks xmlns="http://www.netbeans.org/ns/editor-bookmarks/2" lastBookmarkId="0"/>
    <open-files xmlns="http://www.netbeans.org/ns/projectui-open-files/2">
        <group>
            <file>file:/home/cbsdentp/NetBeansProjects/DvdShopping/web/index.html</file>
            <file>file:/home/cbsdentp/NetBeansProjects/DvdShopping/src/java/Controller/RemoveController.java</file>
            <file>file:/home/cbsdentp/NetBeansProjects/DvdShopping/web/Shopping_Cart.jsp</file>
            <file>file:/home/cbsdentp/NetBeansProjects/DvdShopping/web/DVD_Catalog.jsp</file>
            <file>file:/home/cbsdentp/NetBeansProjects/DvdShopping/web/CheckOut.jsp</file>
        </group>
    </open-files>
</project-private>
